id,first_name,last_name,email,gender,city,street,state,country,language,birthdate1,Earl,Carse,ecarse0@senate.gov,Male,San Angelo,Novick,Texas,United States,,7/22/742,Claudie,Oglesbee,coglesbee1@wordpress.org,Female,West Palm Beach,Laurel,Florida,United States,Quechua,12/4/803,Jodie,Vagg,jvagg2@whitehouse.gov,Male,Washington,Basil,District of Columbia,United States,,1/17/994,Quincey,Fogden,qfogden3@ifeng.com,Male,San Antonio,Ronald Regan,Texas,United States,Irish Gaelic,5/17/755,Breanne,Bouldon,bbouldon4@rambler.ru,Female,Birmingham,Laurel,Alabama,United States,,6/24/726,Gasparo,Gravestone,ggravestone5@t.co,Male,Des Moines,Summit,Iowa,United States,,10/27/947,Dael,Sanches,dsanches6@aboutads.info,Male,Philadelphia,Mifflin,Pennsylvania,United States,,11/27/758,Sergent,Vanderson,svanderson7@xinhuanet.com,Male,Atlanta,Ridge Oak,Georgia,United States,,6/7/739,Gardiner,Attard,,Male,Fort Worth,Bayside,Texas,United States,Fijian,11/27/7210,Karolina,Tagg,ktagg9@oracle.com,Female,Orlando,Continental,Florida,United States,,4/3/9411,Tadio,Frigot,tfrigota@washingtonpost.com,Male,Irvine,Colorado,California,United States,,7/7/8312,Inigo,Chew,,Male,Miami Beach,Granby,Florida,United States,Greek,11/4/9513,Paulie,Bunclark,pbunclarkc@census.gov,Female,Phoenix,Mosinee,Arizona,United States,Arabic,11/30/7914,Deane,Orae,doraed@wordpress.com,Male,Boynton Beach,Sage,Florida,United States,,7/14/9915,Zenia,Boulder,zbouldere@google.pl,Female,Virginia Beach,Main,Virginia,United States,Bengali,3/10/9116,Jenn,Saterthwait,jsaterthwaitf@csmonitor.com,Female,Springfield,Scott,Massachusetts,United States,,11/12/9917,Teodorico,Alvaro,talvarog@nps.gov,Male,Santa Ana,Iowa,California,United States,German,10/28/7518,Reinhard,Haizelden,rhaizeldenh@msu.edu,Male,Corona,Florence,California,United States,Armenian,2/23/8319,Tyler,Mollitt,tmollitti@cafepress.com,Male,Miami,Ridgeview,Florida,United States,Tok Pisin,9/4/8420,Erminia,Fulcher,efulcherj@vkontakte.ru,Female,Orlando,Beilfuss,Florida,United States,Quechua,10/11/7421,Vincent,Tolcharde,vtolchardek@reverbnation.com,Male,Sacramento,Butterfield,California,United States,Armenian,10/23/7122,Silvanus,Loding,slodingl@redcross.org,Male,Concord,West,California,United States,Kashmiri,12/27/8423,Marvin,Marti,mmartim@wunderground.com,Male,Indianapolis,Meadow Valley,Indiana,United States,Gagauz,11/4/8724,Bard,Maytum,bmaytumn@pagesperso-orange.fr,Male,Pasadena,Springs,California,United States,Mongolian,7/22/9225,Sindee,Spindler,sspindlero@theglobeandmail.com,Female,San Antonio,International,Texas,United States,Gagauz,8/17/9626,Tom,Asey,taseyp@blinklist.com,Male,Washington,Meadow Valley,District of Columbia,United States,Malay,3/7/8727,Orella,Guilliatt,oguilliattq@uiuc.edu,Female,Canton,Victoria,Ohio,United States,Punjabi,5/10/9928,Massimo,Dybald,mdybaldr@tuttocitta.it,Male,Spokane,Green Ridge,Washington,United States,,7/12/9329,Tomi,McGawn,tmcgawns@census.gov,Female,Tampa,Novick,Florida,United States,Swati,7/17/9630,Westbrooke,Lascelles,wlascellest@chicagotribune.com,Male,Laurel,Ohio,Maryland,United States,Romanian,1/2/9731,Ernst,Pearcehouse,epearcehouseu@360.cn,Male,New Haven,Loomis,Connecticut,United States,,8/15/7332,Gertrude,Fardell,gfardellv@pen.io,Female,Sioux Falls,Pearson,South Dakota,United States,Croatian,3/21/9033,Alexis,Riglesford,ariglesfordw@biglobe.ne.jp,Female,Saint Petersburg,Hansons,Florida,United States,Swati,2/10/9934,Meredith,O' Mullan,momullanx@kickstarter.com,Female,Brooklyn,Kensington,New York,United States,GuaranÃ_,5/19/9235,Cathie,Ayree,cayreey@home.pl,Female,San Jose,Sunbrook,California,United States,Hiri Motu,9/30/9536,Pris,Lymer,plymerz@clickbank.net,Female,Fort Wayne,Arrowood,Indiana,United States,Arabic,11/17/8537,Otes,Keming,okeming10@deviantart.com,Male,San Diego,Bowman,California,United States,Fijian,4/25/9338,Vernor,Sevin,vsevin11@google.cn,Male,San Jose,Lighthouse Bay,California,United States,MÄÅori,4/3/9439,Daniella,Ogelbe,dogelbe12@gnu.org,Female,Bismarck,Monterey,North Dakota,United States,,6/16/8940,Elga,Baack,ebaack13@bing.com,Female,Clearwater,Wayridge,Florida,United States,,5/23/9841,Dirk,Edkins,dedkins14@army.mil,Male,El Paso,Gale,Texas,United States,English,12/5/9742,Lorettalorna,Ballach,lballach15@mail.ru,Female,Kansas City,Victoria,Kansas,United States,,5/3/9743,Tanya,Muddicliffe,tmuddicliffe16@sogou.com,Female,Bridgeport,Clemons,Connecticut,United States,Zulu,6/7/8344,Hugh,Berryann,,Male,Saint Paul,Homewood,Minnesota,United States,,11/19/7945,Raquel,Brognot,rbrognot18@drupal.org,Female,Sacramento,Arapahoe,California,United States,Telugu,12/24/8746,Albertina,Gershom,agershom19@cpanel.net,Female,Tampa,Farragut,Florida,United States,Belarusian,2/16/8247,Jeth,Bercher,,Male,Akron,Union,Ohio,United States,Quechua,10/21/8148,Irvin,Snowden,isnowden1b@51.la,Male,Macon,Kings,Georgia,United States,,1/21/9749,Ailey,Rouse,arouse1c@ucla.edu,Female,Lafayette,Mayfield,Louisiana,United States,,3/4/9750,Carrissa,Gergely,cgergely1d@hao123.com,Female,Van Nuys,Garrison,California,United States,Hebrew,1/26/7851,Gusta,Girardez,ggirardez1e@wp.com,Female,Jacksonville,Pepper Wood,Florida,United States,,6/5/7452,Gabby,Suttill,gsuttill1f@typepad.com,Male,Jersey City,Morning,New Jersey,United States,,9/1/8753,Thomasa,Hullin,thullin1g@xing.com,Female,Minneapolis,Melrose,Minnesota,United States,,6/28/0054,Sanson,Manon,smanon1h@theatlantic.com,Male,Minneapolis,Annamark,Minnesota,United States,GuaranÃ_,7/22/7555,Jethro,Nisbet,,Male,Richmond,Upham,California,United States,,7/29/8456,Alfy,Currall,acurrall1j@merriam-webster.com,Male,Colorado Springs,5th,Colorado,United States,Finnish,9/24/9357,Serena,Sharpley,ssharpley1k@theglobeandmail.com,Female,Saint Augustine,Dennis,Florida,United States,,5/14/8958,Chickie,Gave,cgave1l@godaddy.com,Female,Duluth,Holy Cross,Minnesota,United States,Japanese,5/22/0059,Marlo,McBratney,mmcbratney1m@com.com,Female,Columbus,Golf Course,Ohio,United States,Filipino,3/5/9060,Melonie,Tolland,mtolland1n@umn.edu,Female,Phoenix,Crowley,Arizona,United States,Punjabi,2/23/8261,Olivie,Rosier,orosier1o@addthis.com,Female,Lake Worth,Springview,Florida,United States,Thai,5/20/7362,Tabbie,Gergher,tgergher1p@webmd.com,Female,Fort Worth,Anzinger,Texas,United States,Azeri,4/3/8963,Courtnay,Sywell,,Female,Chandler,Vidon,Arizona,United States,French,5/14/7464,Ange,Langham,alangham1r@1und1.de,Male,Dallas,Meadow Valley,Texas,United States,,5/24/8665,Gino,Skeete,gskeete1s@google.com.au,Male,Seattle,Portage,Washington,United States,,1/19/8066,Ainslie,Eates,,Female,Salt Lake City,Sycamore,Utah,United States,,10/16/9867,Chuck,Yeulet,,Male,Lansing,Fair Oaks,Michigan,United States,Persian,2/28/9368,Alvy,Stamp,,Male,Atlanta,Katie,Georgia,United States,Bulgarian,12/6/9569,Ailina,De Witt,adewitt1w@over-blog.com,Female,Saint Louis,Hallows,Missouri,United States,Malay,1/16/8870,Bret,Compfort,bcompfort1x@wiley.com,Male,Los Angeles,Prentice,California,United States,,7/5/7371,Conan,Firmin,cfirmin1y@npr.org,Male,Austin,Florence,Texas,United States,Montenegrin,11/19/7772,Demetre,Worland,dworland1z@pagesperso-orange.fr,Male,Birmingham,Bunker Hill,Alabama,United States,Aymara,2/5/8573,Raven,Timpany,rtimpany20@umich.edu,Female,Huntington,Rieder,West Virginia,United States,,5/6/7474,Kingsly,Costall,kcostall21@unc.edu,Male,Knoxville,Forest Dale,Tennessee,United States,Indonesian,7/4/7575,Nobie,Robke,nrobke22@who.int,Male,Fresno,Maryland,California,United States,Thai,6/19/9576,Sonya,Stickel,sstickel23@behance.net,Female,Reston,Duke,Virginia,United States,Bengali,6/10/9377,Duke,Golagley,,Male,Brooklyn,Carberry,New York,United States,Dhivehi,2/10/9978,Chan,Bizzey,cbizzey25@meetup.com,Male,Sioux Falls,Jenna,South Dakota,United States,,4/14/7179,Shalne,Brundall,sbrundall26@shinystat.com,Female,Gainesville,Ilene,Georgia,United States,Malayalam,9/26/7280,Gerta,Mews,gmews27@histats.com,Female,Amarillo,Rutledge,Texas,United States,Catalan,11/17/8781,Angel,Maddick,amaddick28@dmoz.org,Female,Canton,Transport,Ohio,United States,Georgian,10/25/9482,Eve,Slemmonds,eslemmonds29@so-net.ne.jp,Female,El Paso,Glendale,Texas,United States,Hungarian,12/26/7783,Henriette,D' Angelo,hdangelo2a@hubpages.com,Female,Madison,Commercial,Wisconsin,United States,Luxembourgish,4/13/9584,Corilla,Gail,cgail2b@army.mil,Female,Saint Louis,Evergreen,Missouri,United States,,12/6/7385,Emogene,Kopacek,ekopacek2c@woothemes.com,Female,Pittsburgh,Linden,Pennsylvania,United States,,1/17/8086,Issi,Langmaid,ilangmaid2d@facebook.com,Female,Houston,Debs,Texas,United States,Tetum,11/11/8087,Garwood,Romanini,gromanini2e@latimes.com,Male,Bronx,Melby,New York,United States,Telugu,6/24/9788,Wayne,O'Corren,wocorren2f@merriam-webster.com,Male,Cleveland,Dwight,Ohio,United States,Fijian,6/9/9289,Vail,Woodruff,vwoodruff2g@vimeo.com,Male,Colorado Springs,Green Ridge,Colorado,United States,,8/22/9590,Karita,Dunseath,kdunseath2h@hugedomains.com,Female,Austin,Dawn,Texas,United States,,2/19/8391,Jan,MacGibbon,jmacgibbon2i@arizona.edu,Male,Tulsa,Melody,Oklahoma,United States,Hiri Motu,7/3/7392,Maje,Anthill,manthill2j@creativecommons.org,Male,El Paso,Pleasure,Texas,United States,,9/21/7593,Tammie,Filipic,tfilipic2k@i2i.jp,Female,Houston,Johnson,Texas,United States,Pashto,12/20/8294,Yard,McMillam,ymcmillam2l@furl.net,Male,Raleigh,Barnett,North Carolina,United States,Icelandic,3/26/8595,Lilas,Gerler,,Female,Sarasota,Harbort,Florida,United States,Polish,9/9/8396,Nilson,Noden,nnoden2n@moonfruit.com,Male,Loretto,Rowland,Minnesota,United States,Italian,11/10/8997,Norean,Masding,nmasding2o@spiegel.de,Female,Roanoke,Annamark,Virginia,United States,Marathi,3/12/9098,Benoit,Siggery,bsiggery2p@jimdo.com,Male,Dallas,Arrowood,Texas,United States,Hindi,7/13/8299,Brennan,Reed,breed2q@princeton.edu,Male,Spring Hill,Talisman,Florida,United States,,9/26/75100,Darill,Bebb,dbebb2r@wikia.com,Male,Las Vegas,Fordem,Nevada,United States,,8/13/79